idx	headword	label	status	canon	slug	ch	v	url
0	Abraham	Genesis 12:1–3	OK	tanakh	genesis	12	1	/israelite-research/tanakh/chapter.html?book=genesis&ch=12#v1
0	Abraham	Genesis 17:5	OK	tanakh	genesis	17	5	/israelite-research/tanakh/chapter.html?book=genesis&ch=17#v5
1	Ad Hominem	John 7:24	FAIL	newtestament	john	7	24	None
1	Ad Hominem	Proverbs 18:17	OK	tanakh	proverbs	18	17	/israelite-research/tanakh/chapter.html?book=proverbs&ch=18#v17
2	Adam (Ha’Adam)	Genesis 2:7	OK	tanakh	genesis	2	7	/israelite-research/tanakh/chapter.html?book=genesis&ch=2#v7
2	Adam (Ha’Adam)	Genesis 1:26–27	OK	tanakh	genesis	1	26	/israelite-research/tanakh/chapter.html?book=genesis&ch=1#v26
3	Adamic	Genesis 2:7	OK	tanakh	genesis	2	7	/israelite-research/tanakh/chapter.html?book=genesis&ch=2#v7
3	Adamic	1 Corinthians 15:47	OK	tanakh	1-corinthians	15	47	/israelite-research/tanakh/chapter.html?book=1-corinthians&ch=15#v47
4	Afro-Levantine	Genesis 10:6	OK	tanakh	genesis	10	6	/israelite-research/tanakh/chapter.html?book=genesis&ch=10#v6
4	Afro-Levantine	1 Kings 10:1	OK	tanakh	1-kings	10	1	/israelite-research/tanakh/chapter.html?book=1-kings&ch=10#v1
5	Alexander the Great	Daniel 8:5–8	OK	tanakh	daniel	8	5	/israelite-research/tanakh/chapter.html?book=daniel&ch=8#v5
5	Alexander the Great	Daniel 8:21	OK	tanakh	daniel	8	21	/israelite-research/tanakh/chapter.html?book=daniel&ch=8#v21
5	Alexander the Great	1 Maccabees 1:1–4	OK	apocrypha	1-maccabees	1	1	/israelite-research/apocrypha/chapter.html?book=1-maccabees&ch=1
6	Amalek	Genesis 36:12	OK	tanakh	genesis	36	12	/israelite-research/tanakh/chapter.html?book=genesis&ch=36#v12
6	Amalek	Exodus 17:8–16	OK	tanakh	exodus	17	8	/israelite-research/tanakh/chapter.html?book=exodus&ch=17#v8
6	Amalek	Deuteronomy 25:17–19	OK	tanakh	deuteronomy	25	17	/israelite-research/tanakh/chapter.html?book=deuteronomy&ch=25#v17
6	Amalek	1 Samuel 15:2–3	OK	tanakh	1-samuel	15	2	/israelite-research/tanakh/chapter.html?book=1-samuel&ch=15#v2
6	Amalek	Numbers 24:20	OK	tanakh	numbers	24	20	/israelite-research/tanakh/chapter.html?book=numbers&ch=24#v20
7	Amalek (of Esau)	Genesis 36:12	OK	tanakh	genesis	36	12	/israelite-research/tanakh/chapter.html?book=genesis&ch=36#v12
7	Amalek (of Esau)	Exodus 17:8–16	OK	tanakh	exodus	17	8	/israelite-research/tanakh/chapter.html?book=exodus&ch=17#v8
8	Amalekites	Exodus 17:8-16	OK	tanakh	exodus	17	8	/israelite-research/tanakh/chapter.html?book=exodus&ch=17#v8
8	Amalekites	1 Samuel 15:2-3	OK	tanakh	1-samuel	15	2	/israelite-research/tanakh/chapter.html?book=1-samuel&ch=15#v2
9	America	Revelation 18:2–4	FAIL	newtestament	revelation	18	2	None
9	America	Jeremiah 50:33–34	OK	tanakh	jeremiah	50	33	/israelite-research/tanakh/chapter.html?book=jeremiah&ch=50#v33
9	America	Deuteronomy 28:68	OK	tanakh	deuteronomy	28	68	/israelite-research/tanakh/chapter.html?book=deuteronomy&ch=28#v68
10	America (Edomite Extension)	Deuteronomy 28:68	OK	tanakh	deuteronomy	28	68	/israelite-research/tanakh/chapter.html?book=deuteronomy&ch=28#v68
10	America (Edomite Extension)	Jeremiah 50:33–34	OK	tanakh	jeremiah	50	33	/israelite-research/tanakh/chapter.html?book=jeremiah&ch=50#v33
10	America (Edomite Extension)	Revelation 18:2–4	FAIL	newtestament	revelation	18	2	None
10	America (Edomite Extension)	Revelation 13:1	FAIL	newtestament	revelation	13	1	None
11	Ammonites	Deuteronomy 23:3	OK	tanakh	deuteronomy	23	3	/israelite-research/tanakh/chapter.html?book=deuteronomy&ch=23#v3
11	Ammonites	Judges 11:4	OK	tanakh	judges	11	4	/israelite-research/tanakh/chapter.html?book=judges&ch=11#v4
12	Amorites	Genesis 15:16	OK	tanakh	genesis	15	16	/israelite-research/tanakh/chapter.html?book=genesis&ch=15#v16
12	Amorites	Deuteronomy 1:44	OK	tanakh	deuteronomy	1	44	/israelite-research/tanakh/chapter.html?book=deuteronomy&ch=1#v44
13	And (Conjunction)	Deuteronomy 28:1–2	OK	tanakh	deuteronomy	28	1	/israelite-research/tanakh/chapter.html?book=deuteronomy&ch=28#v1
13	And (Conjunction)	James 2:17	OK	new-testament	james	2	17	/israelite-research/new-testament/chapter.html?book=james&ch=2#v17
13	And (Conjunction)	John 14:15	FAIL	newtestament	john	14	15	None
14	Angels (Malakim)	Genesis 18:2	OK	tanakh	genesis	18	2	/israelite-research/tanakh/chapter.html?book=genesis&ch=18#v2
14	Angels (Malakim)	Exodus 23:20–23	OK	tanakh	exodus	23	20	/israelite-research/tanakh/chapter.html?book=exodus&ch=23#v20
14	Angels (Malakim)	Psalm 91:11–12	OK	tanakh	psalms	91	11	/israelite-research/tanakh/chapter.html?book=psalms&ch=91#v11
14	Angels (Malakim)	Daniel 9:21	OK	tanakh	daniel	9	21	/israelite-research/tanakh/chapter.html?book=daniel&ch=9#v21
15	Appeal to Authority	Acts 17:11	OK	new-testament	acts	17	11	/israelite-research/new-testament/chapter.html?book=acts&ch=17#v11
15	Appeal to Authority	1 Thessalonians 5:21	OK	new-testament	1-thessalonians	5	21	/israelite-research/new-testament/chapter.html?book=1-thessalonians&ch=5#v21
16	Appeal to Popularity (Ad Populum)	Exodus 23:2	OK	tanakh	exodus	23	2	/israelite-research/tanakh/chapter.html?book=exodus&ch=23#v2
16	Appeal to Popularity (Ad Populum)	Romans 3:4	OK	new-testament	romans	3	4	/israelite-research/new-testament/chapter.html?book=romans&ch=3#v4
17	Arabians	1 Kings 10:15	OK	tanakh	1-kings	10	15	/israelite-research/tanakh/chapter.html?book=1-kings&ch=10#v15
17	Arabians	Isaiah 21:13	OK	tanakh	isaiah	21	13	/israelite-research/tanakh/chapter.html?book=isaiah&ch=21#v13
18	Arabs (Ishmaelites)	Genesis 25:13	OK	tanakh	genesis	25	13	/israelite-research/tanakh/chapter.html?book=genesis&ch=25#v13
18	Arabs (Ishmaelites)	Psalm 83:6	OK	tanakh	psalm	83	6	/israelite-research/tanakh/chapter.html?book=psalm&ch=83#v6
19	Archangel (Michael)	Daniel 10:13	OK	tanakh	daniel	10	13	/israelite-research/tanakh/chapter.html?book=daniel&ch=10#v13
19	Archangel (Michael)	Daniel 12:1	OK	tanakh	daniel	12	1	/israelite-research/tanakh/chapter.html?book=daniel&ch=12#v1
20	Argument	Acts 17:2–3	OK	new-testament	acts	17	2	/israelite-research/new-testament/chapter.html?book=acts&ch=17#v2
20	Argument	Isaiah 41:21	OK	tanakh	isaiah	41	21	/israelite-research/tanakh/chapter.html?book=isaiah&ch=41#v21
20	Argument	1 Peter 3:15	OK	new-testament	1-peter	3	15	/israelite-research/new-testament/chapter.html?book=1-peter&ch=3#v15
21	Ashkenaz	Genesis 10:3	OK	tanakh	genesis	10	3	/israelite-research/tanakh/chapter.html?book=genesis&ch=10#v3
21	Ashkenaz	Jeremiah 51:27	OK	tanakh	jeremiah	51	27	/israelite-research/tanakh/chapter.html?book=jeremiah&ch=51#v27
22	Ass / Donkey	Zechariah 9:9	OK	tanakh	zechariah	9	9	/israelite-research/tanakh/chapter.html?book=zechariah&ch=9#v9
22	Ass / Donkey	Matthew 21:5	FAIL	newtestament	matthew	21	5	None
23	Assyrians	2 Kings 17:6	OK	tanakh	2-kings	17	6	/israelite-research/tanakh/chapter.html?book=2-kings&ch=17#v6
23	Assyrians	Isaiah 10:5	OK	tanakh	isaiah	10	5	/israelite-research/tanakh/chapter.html?book=isaiah&ch=10#v5
24	Bear (Daniel’s Vision)	Daniel 7:5	OK	tanakh	daniel	7	5	/israelite-research/tanakh/chapter.html?book=daniel&ch=7#v5
25	Beast (Symbolic)	Daniel 7:3	OK	tanakh	daniel	7	3	/israelite-research/tanakh/chapter.html?book=daniel&ch=7#v3
25	Beast (Symbolic)	Revelation 13:2	FAIL	newtestament	revelation	13	2	None
26	Behemoth	Job 40:15–24	OK	tanakh	job	40	15	/israelite-research/tanakh/chapter.html?book=job&ch=40#v15
27	Berbers	Ezekiel 30:5	OK	tanakh	ezekiel	30	5	/israelite-research/tanakh/chapter.html?book=ezekiel&ch=30#v5
28	Bethlehem	Micah 5:2	OK	tanakh	micah	5	2	/israelite-research/tanakh/chapter.html?book=micah&ch=5#v2
28	Bethlehem	Matthew 2:1	FAIL	newtestament	matthew	2	1	None
29	Black	Song of Solomon 1:5	OK	tanakh	song-of-solomon	1	5	/israelite-research/tanakh/chapter.html?book=song-of-solomon&ch=1#v5
29	Black	Lamentations 5:10	OK	tanakh	lamentations	5	10	/israelite-research/tanakh/chapter.html?book=lamentations&ch=5#v10
30	Bozrah (of Edom)	Isaiah 63:1	OK	tanakh	isaiah	63	1	/israelite-research/tanakh/chapter.html?book=isaiah&ch=63#v1
30	Bozrah (of Edom)	Jeremiah 49:13,22	OK	tanakh	jeremiah	49	13	/israelite-research/tanakh/chapter.html?book=jeremiah&ch=49#v13
31	Britain (Edomite Dominion)	Isaiah 24:15	OK	tanakh	isaiah	24	15	/israelite-research/tanakh/chapter.html?book=isaiah&ch=24#v15
31	Britain (Edomite Dominion)	Isaiah 49:1	OK	tanakh	isaiah	49	1	/israelite-research/tanakh/chapter.html?book=isaiah&ch=49#v1
31	Britain (Edomite Dominion)	Revelation 18:3	FAIL	newtestament	revelation	18	3	None
32	Bronze	Revelation 1:15	OK	tanakh	revelation	1	15	/israelite-research/tanakh/chapter.html?book=revelation&ch=1#v15
32	Bronze	Ezekiel 1:7	OK	tanakh	ezekiel	1	7	/israelite-research/tanakh/chapter.html?book=ezekiel&ch=1#v7
33	Bronze Mirror	Exodus 38:8	OK	tanakh	exodus	38	8	/israelite-research/tanakh/chapter.html?book=exodus&ch=38#v8
34	Brown	Genesis 2:7	OK	tanakh	genesis	2	7	/israelite-research/tanakh/chapter.html?book=genesis&ch=2#v7
35	Burnished	Daniel 10:6	OK	tanakh	daniel	10	6	/israelite-research/tanakh/chapter.html?book=daniel&ch=10#v6
35	Burnished	Revelation 1:15	OK	tanakh	revelation	1	15	/israelite-research/tanakh/chapter.html?book=revelation&ch=1#v15
36	Camel	Genesis 24:10–11	OK	tanakh	genesis	24	10	/israelite-research/tanakh/chapter.html?book=genesis&ch=24#v10
36	Camel	Matthew 19:24	FAIL	newtestament	matthew	19	24	None
37	Canaanites	Genesis 9:18	OK	tanakh	genesis	9	18	/israelite-research/tanakh/chapter.html?book=genesis&ch=9#v18
37	Canaanites	Genesis 10:15	OK	tanakh	genesis	10	15	/israelite-research/tanakh/chapter.html?book=genesis&ch=10#v15
38	Capernaum	Matthew 4:13	FAIL	newtestament	matthew	4	13	None
38	Capernaum	Mark 2:1	FAIL	newtestament	mark	2	1	None
39	Captivity	Deuteronomy 30:3	OK	tanakh	deuteronomy	30	3	/israelite-research/tanakh/chapter.html?book=deuteronomy&ch=30#v3
39	Captivity	Psalm 137:1	OK	tanakh	psalms	137	1	/israelite-research/tanakh/chapter.html?book=psalms&ch=137#v1
40	Chaldeans / Babylonians	2 Kings 25:8	OK	tanakh	2-kings	25	8	/israelite-research/tanakh/chapter.html?book=2-kings&ch=25#v8
40	Chaldeans / Babylonians	Daniel 1:1	OK	tanakh	daniel	1	1	/israelite-research/tanakh/chapter.html?book=daniel&ch=1#v1
41	Cherubim	Genesis 3:24	OK	tanakh	genesis	3	24	/israelite-research/tanakh/chapter.html?book=genesis&ch=3#v24
41	Cherubim	Exodus 25:18–22	OK	tanakh	exodus	25	18	/israelite-research/tanakh/chapter.html?book=exodus&ch=25#v18
41	Cherubim	Ezekiel 10:1–5	OK	tanakh	ezekiel	10	1	/israelite-research/tanakh/chapter.html?book=ezekiel&ch=10#v1
42	Circular Reasoning (Begging the Question)	1 Peter 3:15	OK	new-testament	1-peter	3	15	/israelite-research/new-testament/chapter.html?book=1-peter&ch=3#v15
42	Circular Reasoning (Begging the Question)	Proverbs 26:4–5	OK	tanakh	proverbs	26	4	/israelite-research/tanakh/chapter.html?book=proverbs&ch=26#v4
43	Clean Animals	Leviticus 11:1–8	OK	tanakh	leviticus	11	1	/israelite-research/tanakh/chapter.html?book=leviticus&ch=11#v1
43	Clean Animals	Deuteronomy 14:4–8	OK	tanakh	deuteronomy	14	4	/israelite-research/tanakh/chapter.html?book=deuteronomy&ch=14#v4
44	Clouds	Exodus 13:21	OK	tanakh	exodus	13	21	/israelite-research/tanakh/chapter.html?book=exodus&ch=13#v21
44	Clouds	1 Kings 8:10–11	OK	tanakh	1-kings	8	10	/israelite-research/tanakh/chapter.html?book=1-kings&ch=8#v10
44	Clouds	Psalm 104:3	OK	tanakh	psalms	104	3	/israelite-research/tanakh/chapter.html?book=psalms&ch=104#v3
44	Clouds	Matthew 24:30	FAIL	newtestament	matthew	24	30	None
45	Colonialism	Habakkuk 2:12	OK	tanakh	habakkuk	2	12	/israelite-research/tanakh/chapter.html?book=habakkuk&ch=2#v12
45	Colonialism	Revelation 18:3	FAIL	newtestament	revelation	18	3	None
46	Color	Genesis 1:26	OK	tanakh	genesis	1	26	/israelite-research/tanakh/chapter.html?book=genesis&ch=1#v26
47	Complexion	Genesis 2:7	OK	tanakh	genesis	2	7	/israelite-research/tanakh/chapter.html?book=genesis&ch=2#v7
48	Conditional Statement	Deuteronomy 28:15	OK	tanakh	deuteronomy	28	15	/israelite-research/tanakh/chapter.html?book=deuteronomy&ch=28#v15
48	Conditional Statement	Galatians 6:7–8	OK	new-testament	galatians	6	7	/israelite-research/new-testament/chapter.html?book=galatians&ch=6#v7
48	Conditional Statement	Romans 6:23	OK	new-testament	romans	6	23	/israelite-research/new-testament/chapter.html?book=romans&ch=6#v23
49	Converse	Matthew 7:21–23	FAIL	newtestament	matthew	7	21	None
49	Converse	James 2:19	OK	new-testament	james	2	19	/israelite-research/new-testament/chapter.html?book=james&ch=2#v19
49	Converse	1 John 2:4	OK	new-testament	1-john	2	4	/israelite-research/new-testament/chapter.html?book=1-john&ch=2#v4
50	Copper-colored	Daniel 10:6	OK	tanakh	daniel	10	6	/israelite-research/tanakh/chapter.html?book=daniel&ch=10#v6
51	Copts	Isaiah 19:25	OK	tanakh	isaiah	19	25	/israelite-research/tanakh/chapter.html?book=isaiah&ch=19#v25
52	Cylinder Seal	Genesis 38:18	OK	tanakh	genesis	38	18	/israelite-research/tanakh/chapter.html?book=genesis&ch=38#v18
52	Cylinder Seal	Haggai 2:23	OK	tanakh	haggai	2	23	/israelite-research/tanakh/chapter.html?book=haggai&ch=2#v23
53	Damascus	Isaiah 17:1	OK	tanakh	isaiah	17	1	/israelite-research/tanakh/chapter.html?book=isaiah&ch=17#v1
53	Damascus	Acts 9:3	FAIL	newtestament	acts	9	3	None
54	Deductive Reasoning	Matthew 7:17–18	FAIL	newtestament	matthew	7	17	None
54	Deductive Reasoning	Numbers 23:19	OK	tanakh	numbers	23	19	/israelite-research/tanakh/chapter.html?book=numbers&ch=23#v19
54	Deductive Reasoning	James 2:17–18	OK	new-testament	james	2	17	/israelite-research/new-testament/chapter.html?book=james&ch=2#v17
55	Diaspora	Deuteronomy 28:64	OK	tanakh	deuteronomy	28	64	/israelite-research/tanakh/chapter.html?book=deuteronomy&ch=28#v64
55	Diaspora	James 1:1	OK	new-testament	james	1	1	/israelite-research/new-testament/chapter.html?book=james&ch=1#v1
56	Dove	Genesis 8:11	OK	tanakh	genesis	8	11	/israelite-research/tanakh/chapter.html?book=genesis&ch=8#v11
56	Dove	Matthew 3:16	FAIL	newtestament	matthew	3	16	None
57	Dreadful Beast (Daniel’s Vision)	Daniel 7:7	OK	tanakh	daniel	7	7	/israelite-research/tanakh/chapter.html?book=daniel&ch=7#v7
57	Dreadful Beast (Daniel’s Vision)	Revelation 13:1–2	FAIL	newtestament	revelation	13	1	None
59	Dust-colored	Genesis 2:7	OK	tanakh	genesis	2	7	/israelite-research/tanakh/chapter.html?book=genesis&ch=2#v7
60	Eagle	Exodus 19:4	OK	tanakh	exodus	19	4	/israelite-research/tanakh/chapter.html?book=exodus&ch=19#v4
60	Eagle	Isaiah 40:31	OK	tanakh	isaiah	40	31	/israelite-research/tanakh/chapter.html?book=isaiah&ch=40#v31
61	Earth	Genesis 1:1–10	OK	tanakh	genesis	1	1	/israelite-research/tanakh/chapter.html?book=genesis&ch=1#v1
61	Earth	Psalm 24:1–2	OK	tanakh	psalms	24	1	/israelite-research/tanakh/chapter.html?book=psalms&ch=24#v1
61	Earth	Isaiah 45:18	OK	tanakh	isaiah	45	18	/israelite-research/tanakh/chapter.html?book=isaiah&ch=45#v18
61	Earth	Ecclesiastes 1:4	OK	tanakh	ecclesiastes	1	4	/israelite-research/tanakh/chapter.html?book=ecclesiastes&ch=1#v4
62	Earthen	2 Corinthians 4:7	OK	tanakh	2-corinthians	4	7	/israelite-research/tanakh/chapter.html?book=2-corinthians&ch=4#v7
64	Edom / Idumea	Genesis 36	OK	tanakh	genesis	36		/israelite-research/tanakh/chapter.html?book=genesis&ch=36
64	Edom / Idumea	Obadiah 1:1–4	OK	tanakh	obadiah	1	1	/israelite-research/tanakh/chapter.html?book=obadiah&ch=1#v1
64	Edom / Idumea	Ezekiel 35:2–5	OK	tanakh	ezekiel	35	2	/israelite-research/tanakh/chapter.html?book=ezekiel&ch=35#v2
64	Edom / Idumea	Isaiah 34:5–6	OK	tanakh	isaiah	34	5	/israelite-research/tanakh/chapter.html?book=isaiah&ch=34#v5
64	Edom / Idumea	Malachi 1:4	OK	tanakh	malachi	1	4	/israelite-research/tanakh/chapter.html?book=malachi&ch=1#v4
65	Edomite Continuity (Overview)	Genesis 27:39–40	OK	tanakh	genesis	27	39	/israelite-research/tanakh/chapter.html?book=genesis&ch=27#v39
65	Edomite Continuity (Overview)	Obadiah 1:6–10	OK	tanakh	obadiah	1	6	/israelite-research/tanakh/chapter.html?book=obadiah&ch=1#v6
65	Edomite Continuity (Overview)	Daniel 7:23–25	OK	tanakh	daniel	7	23	/israelite-research/tanakh/chapter.html?book=daniel&ch=7#v23
65	Edomite Continuity (Overview)	Revelation 17:9–13	FAIL	newtestament	revelation	17	9	None
66	Edomites	Genesis 36:8–9	OK	tanakh	genesis	36	8	/israelite-research/tanakh/chapter.html?book=genesis&ch=36#v8
66	Edomites	Obadiah 1:10	OK	tanakh	obadiah	1	10	/israelite-research/tanakh/chapter.html?book=obadiah&ch=1#v10
67	Egyptians (Mizraim)	Genesis 12:10	OK	tanakh	genesis	12	10	/israelite-research/tanakh/chapter.html?book=genesis&ch=12#v10
67	Egyptians (Mizraim)	Exodus 1:11	OK	tanakh	exodus	1	11	/israelite-research/tanakh/chapter.html?book=exodus&ch=1#v11
68	Egyptians (Mizraim)	Genesis 10:6	OK	tanakh	genesis	10	6	/israelite-research/tanakh/chapter.html?book=genesis&ch=10#v6
68	Egyptians (Mizraim)	Exodus 1:8-14	OK	tanakh	exodus	1	8	/israelite-research/tanakh/chapter.html?book=exodus&ch=1#v8
69	Esau	Genesis 25:25–34	OK	tanakh	genesis	25	25	/israelite-research/tanakh/chapter.html?book=genesis&ch=25#v25
69	Esau	Genesis 27:39–40	OK	tanakh	genesis	27	39	/israelite-research/tanakh/chapter.html?book=genesis&ch=27#v39
69	Esau	Obadiah 1:6–9	OK	tanakh	obadiah	1	6	/israelite-research/tanakh/chapter.html?book=obadiah&ch=1#v6
69	Esau	Malachi 1:2–4	OK	tanakh	malachi	1	2	/israelite-research/tanakh/chapter.html?book=malachi&ch=1#v2
70	Ethiopians	Isaiah 18:1–2	OK	tanakh	isaiah	18	1	/israelite-research/tanakh/chapter.html?book=isaiah&ch=18#v1
70	Ethiopians	Jeremiah 13:23	OK	tanakh	jeremiah	13	23	/israelite-research/tanakh/chapter.html?book=jeremiah&ch=13#v23
71	Ethiopians (Aithiopes)	Jeremiah 38:7	OK	tanakh	jeremiah	38	7	/israelite-research/tanakh/chapter.html?book=jeremiah&ch=38#v7
71	Ethiopians (Aithiopes)	Amos 9:7	OK	tanakh	amos	9	7	/israelite-research/tanakh/chapter.html?book=amos&ch=9#v7
72	Europe (Edomite Confederation)	Daniel 7:24	OK	tanakh	daniel	7	24	/israelite-research/tanakh/chapter.html?book=daniel&ch=7#v24
72	Europe (Edomite Confederation)	Revelation 12:3	FAIL	newtestament	revelation	12	3	None
72	Europe (Edomite Confederation)	Revelation 17:12–13	FAIL	newtestament	revelation	17	12	None
73	Fair	Song of Solomon 4:7	OK	tanakh	song-of-solomon	4	7	/israelite-research/tanakh/chapter.html?book=song-of-solomon&ch=4#v7
74	Fallacy	Proverbs 14:15	OK	tanakh	proverbs	14	15	/israelite-research/tanakh/chapter.html?book=proverbs&ch=14#v15
74	Fallacy	Proverbs 18:13	OK	tanakh	proverbs	18	13	/israelite-research/tanakh/chapter.html?book=proverbs&ch=18#v13
74	Fallacy	Colossians 2:8	OK	new-testament	colossians	2	8	/israelite-research/new-testament/chapter.html?book=colossians&ch=2#v8
75	False Dichotomy	Mark 12:17	FAIL	newtestament	mark	12	17	None
75	False Dichotomy	Matthew 22:21	FAIL	newtestament	matthew	22	21	None
76	Firmament / Heaven	Genesis 1:6–8	OK	tanakh	genesis	1	6	/israelite-research/tanakh/chapter.html?book=genesis&ch=1#v6
76	Firmament / Heaven	Psalm 19:1	OK	tanakh	psalms	19	1	/israelite-research/tanakh/chapter.html?book=psalms&ch=19#v1
76	Firmament / Heaven	Ezekiel 1:22–26	OK	tanakh	ezekiel	1	22	/israelite-research/tanakh/chapter.html?book=ezekiel&ch=1#v22
76	Firmament / Heaven	Revelation 4:1–3	FAIL	newtestament	revelation	4	1	None
77	Galilee	Matthew 4:23	FAIL	newtestament	matthew	4	23	None
77	Galilee	Acts 1:11	FAIL	newtestament	acts	1	11	None
78	Galilee of the Gentiles	Isaiah 9:1–2	OK	tanakh	isaiah	9	1	/israelite-research/tanakh/chapter.html?book=isaiah&ch=9#v1
78	Galilee of the Gentiles	Matthew 4:15	FAIL	newtestament	matthew	4	15	None
78	Galilee of the Gentiles	John 7:35	FAIL	newtestament	john	7	35	None
79	Gentile	Genesis 35:11	OK	tanakh	genesis	35	11	/israelite-research/tanakh/chapter.html?book=genesis&ch=35#v11
79	Gentile	Exodus 19:6	OK	tanakh	exodus	19	6	/israelite-research/tanakh/chapter.html?book=exodus&ch=19#v6
79	Gentile	John 7:35	FAIL	newtestament	john	7	35	None
79	Gentile	John 11:51	FAIL	newtestament	john	11	51	None
79	Gentile	Exodus 19:6	OK	tanakh	exodus	19	6	/israelite-research/tanakh/chapter.html?book=exodus&ch=19#v6
79	Gentile	Luke 7:5	FAIL	newtestament	luke	7	5	None
80	Gentiles	Genesis 35:11	OK	tanakh	genesis	35	11	/israelite-research/tanakh/chapter.html?book=genesis&ch=35#v11
80	Gentiles	Exodus 19:6	OK	tanakh	exodus	19	6	/israelite-research/tanakh/chapter.html?book=exodus&ch=19#v6
80	Gentiles	John 11:51	FAIL	newtestament	john	11	51	None
80	Gentiles	Genesis 12:2	OK	tanakh	genesis	12	2	/israelite-research/tanakh/chapter.html?book=genesis&ch=12#v2
80	Gentiles	Exodus 19:6	OK	tanakh	exodus	19	6	/israelite-research/tanakh/chapter.html?book=exodus&ch=19#v6
80	Gentiles	Luke 7:5	FAIL	newtestament	luke	7	5	None
80	Gentiles	John 11:51–52	FAIL	newtestament	john	11	51	None
80	Gentiles	1 Peter 2:9	FAIL	newtestament	1-peter	2	9	None
80	Gentiles	Romans 9:24–26	FAIL	newtestament	romans	9	24	None
81	Girgashites	Genesis 15:21	OK	tanakh	genesis	15	21	/israelite-research/tanakh/chapter.html?book=genesis&ch=15#v21
81	Girgashites	Deuteronomy 7:1	OK	tanakh	deuteronomy	7	1	/israelite-research/tanakh/chapter.html?book=deuteronomy&ch=7#v1
82	Goat	Leviticus 16:10	OK	tanakh	leviticus	16	10	/israelite-research/tanakh/chapter.html?book=leviticus&ch=16#v10
82	Goat	Proverbs 27:27	OK	tanakh	proverbs	27	27	/israelite-research/tanakh/chapter.html?book=proverbs&ch=27#v27
83	Greeks / Hellenes	John 12:20	FAIL	newtestament	john	12	20	None
83	Greeks / Hellenes	Galatians 3:28	OK	tanakh	galatians	3	28	/israelite-research/tanakh/chapter.html?book=galatians&ch=3#v28
84	Ham	Genesis 5:32	OK	tanakh	genesis	5	32	/israelite-research/tanakh/chapter.html?book=genesis&ch=5#v32
84	Ham	Genesis 7:13	OK	tanakh	genesis	7	13	/israelite-research/tanakh/chapter.html?book=genesis&ch=7#v13
84	Ham	Genesis 9:18–25	OK	tanakh	genesis	9	18	/israelite-research/tanakh/chapter.html?book=genesis&ch=9#v18
84	Ham	Genesis 10:6–20	OK	tanakh	genesis	10	6	/israelite-research/tanakh/chapter.html?book=genesis&ch=10#v6
85	Hasty Generalization	Deuteronomy 19:15	OK	tanakh	deuteronomy	19	15	/israelite-research/tanakh/chapter.html?book=deuteronomy&ch=19#v15
85	Hasty Generalization	Proverbs 18:17	OK	tanakh	proverbs	18	17	/israelite-research/tanakh/chapter.html?book=proverbs&ch=18#v17
86	He-Goat (Daniel’s Vision)	Daniel 8:5–8	OK	tanakh	daniel	8	5	/israelite-research/tanakh/chapter.html?book=daniel&ch=8#v5
87	Heavens (Threefold Structure)	Deuteronomy 10:14	OK	tanakh	deuteronomy	10	14	/israelite-research/tanakh/chapter.html?book=deuteronomy&ch=10#v14
87	Heavens (Threefold Structure)	1 Kings 8:27	OK	tanakh	1-kings	8	27	/israelite-research/tanakh/chapter.html?book=1-kings&ch=8#v27
87	Heavens (Threefold Structure)	2 Corinthians 12:2	OK	new-testament	2-corinthians	12	2	/israelite-research/new-testament/chapter.html?book=2-corinthians&ch=12#v2
87	Heavens (Threefold Structure)	Psalm 19:1	OK	tanakh	psalms	19	1	/israelite-research/tanakh/chapter.html?book=psalms&ch=19#v1
88	Hebrews	Genesis 14:13	OK	tanakh	genesis	14	13	/israelite-research/tanakh/chapter.html?book=genesis&ch=14#v13
88	Hebrews	Exodus 2:11	OK	tanakh	exodus	2	11	/israelite-research/tanakh/chapter.html?book=exodus&ch=2#v11
89	Hebron	Genesis 13:18	OK	tanakh	genesis	13	18	/israelite-research/tanakh/chapter.html?book=genesis&ch=13#v18
89	Hebron	Numbers 13:22	OK	tanakh	numbers	13	22	/israelite-research/tanakh/chapter.html?book=numbers&ch=13#v22
90	Herod the Idumean	Matthew 2:1–16	FAIL	newtestament	matthew	2	1	None
90	Herod the Idumean	Luke 1:5	OK	new-testament	luke	1	5	/israelite-research/new-testament/chapter.html?book=luke&ch=1#v5
90	Herod the Idumean	Genesis 27:39–40	OK	tanakh	genesis	27	39	/israelite-research/tanakh/chapter.html?book=genesis&ch=27#v39
90	Herod the Idumean	Obadiah 1:10	OK	tanakh	obadiah	1	10	/israelite-research/tanakh/chapter.html?book=obadiah&ch=1#v10
91	Herodians (Idumean dynasty)	Mark 3:6	FAIL	newtestament	mark	3	6	None
91	Herodians (Idumean dynasty)	Matthew 22:16	FAIL	newtestament	matthew	22	16	None
92	Hittites	Genesis 23:3–20	OK	tanakh	genesis	23	3	/israelite-research/tanakh/chapter.html?book=genesis&ch=23#v3
92	Hittites	Joshua 1:4	OK	tanakh	joshua	1	4	/israelite-research/tanakh/chapter.html?book=joshua&ch=1#v4
93	Hivites	Genesis 34:2	OK	tanakh	genesis	34	2	/israelite-research/tanakh/chapter.html?book=genesis&ch=34#v2
93	Hivites	Joshua 9:7	OK	tanakh	joshua	9	7	/israelite-research/tanakh/chapter.html?book=joshua&ch=9#v7
94	Hue	Jeremiah 13:23	OK	tanakh	jeremiah	13	23	/israelite-research/tanakh/chapter.html?book=jeremiah&ch=13#v23
95	Idumea / Idumeans	Mark 3:8	FAIL	newtestament	mark	3	8	None
95	Idumea / Idumeans	Isaiah 34:5–6	OK	tanakh	isaiah	34	5	/israelite-research/tanakh/chapter.html?book=isaiah&ch=34#v5
95	Idumea / Idumeans	Ezekiel 35:2–5	OK	tanakh	ezekiel	35	2	/israelite-research/tanakh/chapter.html?book=ezekiel&ch=35#v2
96	If-Then (Implication)	Deuteronomy 28:1–2	OK	tanakh	deuteronomy	28	1	/israelite-research/tanakh/chapter.html?book=deuteronomy&ch=28#v1
96	If-Then (Implication)	Exodus 19:5–6	OK	tanakh	exodus	19	5	/israelite-research/tanakh/chapter.html?book=exodus&ch=19#v5
96	If-Then (Implication)	John 15:10	FAIL	newtestament	john	15	10	None
97	Inductive Reasoning	Proverbs 6:6–8	OK	tanakh	proverbs	6	6	/israelite-research/tanakh/chapter.html?book=proverbs&ch=6#v6
97	Inductive Reasoning	Luke 21:29–31	OK	new-testament	luke	21	29	/israelite-research/new-testament/chapter.html?book=luke&ch=21#v29
97	Inductive Reasoning	Hebrews 5:14	OK	new-testament	hebrews	5	14	/israelite-research/new-testament/chapter.html?book=hebrews&ch=5#v14
98	Isaac	Genesis 17:19	OK	tanakh	genesis	17	19	/israelite-research/tanakh/chapter.html?book=genesis&ch=17#v19
98	Isaac	Genesis 26:3–5	OK	tanakh	genesis	26	3	/israelite-research/tanakh/chapter.html?book=genesis&ch=26#v3
99	Ishmaelites	Genesis 37:25	OK	tanakh	genesis	37	25	/israelite-research/tanakh/chapter.html?book=genesis&ch=37#v25
99	Ishmaelites	Judges 8:24	OK	tanakh	judges	8	24	/israelite-research/tanakh/chapter.html?book=judges&ch=8#v24
100	Ivory Carving	1 Kings 22:39	OK	tanakh	1-kings	22	39	/israelite-research/tanakh/chapter.html?book=1-kings&ch=22#v39
100	Ivory Carving	Amos 3:15	OK	tanakh	amos	3	15	/israelite-research/tanakh/chapter.html?book=amos&ch=3#v15
101	Jacob / Israel	Genesis 32:28	OK	tanakh	genesis	32	28	/israelite-research/tanakh/chapter.html?book=genesis&ch=32#v28
101	Jacob / Israel	Genesis 35:10–12	OK	tanakh	genesis	35	10	/israelite-research/tanakh/chapter.html?book=genesis&ch=35#v10
102	Jebusites	Joshua 15:63	OK	tanakh	joshua	15	63	/israelite-research/tanakh/chapter.html?book=joshua&ch=15#v63
102	Jebusites	2 Samuel 5:6–7	OK	tanakh	2-samuel	5	6	/israelite-research/tanakh/chapter.html?book=2-samuel&ch=5#v6
103	Jerusalem	Psalm 137:5	OK	tanakh	psalm	137	5	/israelite-research/tanakh/chapter.html?book=psalm&ch=137#v5
103	Jerusalem	Luke 2:22	FAIL	newtestament	luke	2	22	None
104	Judea	Matthew 2:1	FAIL	newtestament	matthew	2	1	None
104	Judea	Luke 1:5	FAIL	newtestament	luke	1	5	None
105	Judeans	2 Kings 25:25	OK	tanakh	2-kings	25	25	/israelite-research/tanakh/chapter.html?book=2-kings&ch=25#v25
105	Judeans	John 4:22	FAIL	newtestament	john	4	22	None
106	Justice	Micah 6:8	OK	tanakh	micah	6	8	/israelite-research/tanakh/chapter.html?book=micah&ch=6#v8
106	Justice	Isaiah 61:8	OK	tanakh	isaiah	61	8	/israelite-research/tanakh/chapter.html?book=isaiah&ch=61#v8
107	Kenites	Numbers 24:21	OK	tanakh	numbers	24	21	/israelite-research/tanakh/chapter.html?book=numbers&ch=24#v21
107	Kenites	Judges 1:16	OK	tanakh	judges	1	16	/israelite-research/tanakh/chapter.html?book=judges&ch=1#v16
108	Kittim (Chittim)	Genesis 10:4	OK	tanakh	genesis	10	4	/israelite-research/tanakh/chapter.html?book=genesis&ch=10#v4
108	Kittim (Chittim)	Daniel 11:30	OK	tanakh	daniel	11	30	/israelite-research/tanakh/chapter.html?book=daniel&ch=11#v30
109	Kushite Israelites	Numbers 12:1	OK	tanakh	numbers	12	1	/israelite-research/tanakh/chapter.html?book=numbers&ch=12#v1
109	Kushite Israelites	Psalm 68:31	OK	tanakh	psalm	68	31	/israelite-research/tanakh/chapter.html?book=psalm&ch=68#v31
110	Kushites / Ethiopians	Numbers 12:1	OK	tanakh	numbers	12	1	/israelite-research/tanakh/chapter.html?book=numbers&ch=12#v1
110	Kushites / Ethiopians	Jeremiah 38:7	OK	tanakh	jeremiah	38	7	/israelite-research/tanakh/chapter.html?book=jeremiah&ch=38#v7
110	Kushites / Ethiopians	Isaiah 11:11	OK	tanakh	isaiah	11	11	/israelite-research/tanakh/chapter.html?book=isaiah&ch=11#v11
111	Kushites / Ethiopians	Genesis 10:6	OK	tanakh	genesis	10	6	/israelite-research/tanakh/chapter.html?book=genesis&ch=10#v6
111	Kushites / Ethiopians	Jeremiah 13:23	OK	tanakh	jeremiah	13	23	/israelite-research/tanakh/chapter.html?book=jeremiah&ch=13#v23
112	Lamb	Genesis 22:7–8	OK	tanakh	genesis	22	7	/israelite-research/tanakh/chapter.html?book=genesis&ch=22#v7
112	Lamb	John 1:29	FAIL	newtestament	john	1	29	None
113	Law of Identity	Exodus 3:14	OK	tanakh	exodus	3	14	/israelite-research/tanakh/chapter.html?book=exodus&ch=3#v14
113	Law of Identity	Matthew 5:37	FAIL	newtestament	matthew	5	37	None
113	Law of Identity	James 5:12	FAIL	newtestament	matthew	5	12	None
114	Law of Non-Contradiction	John 7:24	FAIL	newtestament	john	7	24	None
114	Law of Non-Contradiction	1 Kings 18:21	OK	tanakh	1-kings	18	21	/israelite-research/tanakh/chapter.html?book=1-kings&ch=18#v21
114	Law of Non-Contradiction	2 Corinthians 1:18–20	OK	new-testament	2-corinthians	1	18	/israelite-research/new-testament/chapter.html?book=2-corinthians&ch=1#v18
115	Leopard (Daniel’s Vision)	Daniel 7:6	OK	tanakh	daniel	7	6	/israelite-research/tanakh/chapter.html?book=daniel&ch=7#v6
116	Levantines	Genesis 15:18–21	OK	tanakh	genesis	15	18	/israelite-research/tanakh/chapter.html?book=genesis&ch=15#v18
116	Levantines	Joshua 12:7	OK	tanakh	joshua	12	7	/israelite-research/tanakh/chapter.html?book=joshua&ch=12#v7
117	Leviathan	Job 41	FAIL			41		
117	Leviathan	Psalm 74:13–14	OK	tanakh	psalms	74	13	/israelite-research/tanakh/chapter.html?book=psalms&ch=74#v13
117	Leviathan	Isaiah 27:1	OK	tanakh	isaiah	27	1	/israelite-research/tanakh/chapter.html?book=isaiah&ch=27#v1
117	Leviathan	Ezekiel 29:3	OK	tanakh	ezekiel	29	3	/israelite-research/tanakh/chapter.html?book=ezekiel&ch=29#v3
118	Libyans (Put)	Genesis 10:6	OK	tanakh	genesis	10	6	/israelite-research/tanakh/chapter.html?book=genesis&ch=10#v6
118	Libyans (Put)	Jeremiah 46:9	OK	tanakh	jeremiah	46	9	/israelite-research/tanakh/chapter.html?book=jeremiah&ch=46#v9
119	Light and Darkness	Genesis 1:3–5	OK	tanakh	genesis	1	3	/israelite-research/tanakh/chapter.html?book=genesis&ch=1#v3
119	Light and Darkness	Isaiah 60:1–2	OK	tanakh	isaiah	60	1	/israelite-research/tanakh/chapter.html?book=isaiah&ch=60#v1
119	Light and Darkness	John 1:5	FAIL	newtestament	john	1	5	None
119	Light and Darkness	Ephesians 5:8	OK	new-testament	ephesians	5	8	/israelite-research/new-testament/chapter.html?book=ephesians&ch=5#v8
120	Lion	Genesis 49:9	OK	tanakh	genesis	49	9	/israelite-research/tanakh/chapter.html?book=genesis&ch=49#v9
120	Lion	Revelation 5:5	FAIL	newtestament	revelation	5	5	None
121	Lion (Daniel’s Vision)	Daniel 7:4	OK	tanakh	daniel	7	4	/israelite-research/tanakh/chapter.html?book=daniel&ch=7#v4
122	Little Horn	Daniel 7:8	OK	tanakh	daniel	7	8	/israelite-research/tanakh/chapter.html?book=daniel&ch=7#v8
122	Little Horn	Daniel 8:9	OK	tanakh	daniel	8	9	/israelite-research/tanakh/chapter.html?book=daniel&ch=8#v9
122	Little Horn	Revelation 13:5–7	FAIL	newtestament	revelation	13	5	None
123	Logic	Isaiah 1:18	OK	tanakh	isaiah	1	18	/israelite-research/tanakh/chapter.html?book=isaiah&ch=1#v18
123	Logic	1 Thessalonians 5:21	OK	new-testament	1-thessalonians	5	21	/israelite-research/new-testament/chapter.html?book=1-thessalonians&ch=5#v21
123	Logic	Proverbs 4:7	OK	tanakh	proverbs	4	7	/israelite-research/tanakh/chapter.html?book=proverbs&ch=4#v7
124	Medes	Daniel 5:28	OK	tanakh	daniel	5	28	/israelite-research/tanakh/chapter.html?book=daniel&ch=5#v28
124	Medes	Esther 1:3	OK	tanakh	esther	1	3	/israelite-research/tanakh/chapter.html?book=esther&ch=1#v3
125	Melanated	Song of Solomon 1:5	OK	tanakh	song-of-solomon	1	5	/israelite-research/tanakh/chapter.html?book=song-of-solomon&ch=1#v5
125	Melanated	Lamentations 5:10	OK	tanakh	lamentations	5	10	/israelite-research/tanakh/chapter.html?book=lamentations&ch=5#v10
126	Melanin	Ezekiel 1:7	OK	tanakh	ezekiel	1	7	/israelite-research/tanakh/chapter.html?book=ezekiel&ch=1#v7
127	Midianites	Genesis 25:2	OK	tanakh	genesis	25	2	/israelite-research/tanakh/chapter.html?book=genesis&ch=25#v2
127	Midianites	Exodus 2:15–21	OK	tanakh	exodus	2	15	/israelite-research/tanakh/chapter.html?book=exodus&ch=2#v15
128	Moabite Stone	2 Kings 3:4	OK	tanakh	2-kings	3	4	/israelite-research/tanakh/chapter.html?book=2-kings&ch=3#v4
128	Moabite Stone	2 Kings 3:5	OK	tanakh	2-kings	3	5	/israelite-research/tanakh/chapter.html?book=2-kings&ch=3#v5
129	Moabites	Genesis 19:37	OK	tanakh	genesis	19	37	/israelite-research/tanakh/chapter.html?book=genesis&ch=19#v37
129	Moabites	Numbers 22:1–6	OK	tanakh	numbers	22	1	/israelite-research/tanakh/chapter.html?book=numbers&ch=22#v1
130	Moon	Genesis 1:16	OK	tanakh	genesis	1	16	/israelite-research/tanakh/chapter.html?book=genesis&ch=1#v16
130	Moon	Psalm 104:19	OK	tanakh	psalms	104	19	/israelite-research/tanakh/chapter.html?book=psalms&ch=104#v19
130	Moon	Psalm 89:37	OK	tanakh	psalms	89	37	/israelite-research/tanakh/chapter.html?book=psalms&ch=89#v37
130	Moon	Isaiah 30:26	OK	tanakh	isaiah	30	26	/israelite-research/tanakh/chapter.html?book=isaiah&ch=30#v26
131	Moor	Jeremiah 13:23	OK	tanakh	jeremiah	13	23	/israelite-research/tanakh/chapter.html?book=jeremiah&ch=13#v23
131	Moor	Jeremiah 38:7	OK	tanakh	jeremiah	38	7	/israelite-research/tanakh/chapter.html?book=jeremiah&ch=38#v7
131	Moor	Acts 8:27	FAIL	newtestament	acts	8	27	None
131	Moor	Amos 9:7	OK	tanakh	amos	9	7	/israelite-research/tanakh/chapter.html?book=amos&ch=9#v7
132	Moses	Exodus 3:10–12	OK	tanakh	exodus	3	10	/israelite-research/tanakh/chapter.html?book=exodus&ch=3#v10
132	Moses	Deuteronomy 34:10	OK	tanakh	deuteronomy	34	10	/israelite-research/tanakh/chapter.html?book=deuteronomy&ch=34#v10
133	Mount Seir	Genesis 36:8–9	OK	tanakh	genesis	36	8	/israelite-research/tanakh/chapter.html?book=genesis&ch=36#v8
133	Mount Seir	Ezekiel 35:2–5	OK	tanakh	ezekiel	35	2	/israelite-research/tanakh/chapter.html?book=ezekiel&ch=35#v2
134	Nabataeans	2 Maccabees 5:8	OK	tanakh	2-maccabees	5	8	/israelite-research/tanakh/chapter.html?book=2-maccabees&ch=5#v8
135	Nazareth	Matthew 2:23	FAIL	newtestament	matthew	2	23	None
135	Nazareth	Luke 4:16	FAIL	newtestament	luke	4	16	None
136	Negro	Acts 13:1	FAIL	newtestament	acts	13	1	None
137	Nineveh	Jonah 1:2	OK	tanakh	jonah	1	2	/israelite-research/tanakh/chapter.html?book=jonah&ch=1#v2
137	Nineveh	Nahum 1:1	OK	tanakh	nahum	1	1	/israelite-research/tanakh/chapter.html?book=nahum&ch=1#v1
138	Noah	Genesis 6:9	OK	tanakh	genesis	6	9	/israelite-research/tanakh/chapter.html?book=genesis&ch=6#v9
138	Noah	Genesis 9:1–9	OK	tanakh	genesis	9	1	/israelite-research/tanakh/chapter.html?book=genesis&ch=9#v1
139	Oppression	Isaiah 1:17	OK	tanakh	isaiah	1	17	/israelite-research/tanakh/chapter.html?book=isaiah&ch=1#v17
139	Oppression	Amos 5:11–12	OK	tanakh	amos	5	11	/israelite-research/tanakh/chapter.html?book=amos&ch=5#v11
140	Or (Disjunction)	Deuteronomy 30:15–19	OK	tanakh	deuteronomy	30	15	/israelite-research/tanakh/chapter.html?book=deuteronomy&ch=30#v15
140	Or (Disjunction)	Matthew 6:24	FAIL	newtestament	matthew	6	24	None
140	Or (Disjunction)	Joshua 24:15	OK	tanakh	joshua	24	15	/israelite-research/tanakh/chapter.html?book=joshua&ch=24#v15
141	Ostracon	Jeremiah 34:7	OK	tanakh	jeremiah	34	7	/israelite-research/tanakh/chapter.html?book=jeremiah&ch=34#v7
142	Ox	Deuteronomy 25:4	OK	tanakh	deuteronomy	25	4	/israelite-research/tanakh/chapter.html?book=deuteronomy&ch=25#v4
142	Ox	1 Kings 19:19	OK	tanakh	1-kings	19	19	/israelite-research/tanakh/chapter.html?book=1-kings&ch=19#v19
143	Papyrus	Isaiah 19:7	OK	tanakh	isaiah	19	7	/israelite-research/tanakh/chapter.html?book=isaiah&ch=19#v7
143	Papyrus	Job 8:11	OK	tanakh	job	8	11	/israelite-research/tanakh/chapter.html?book=job&ch=8#v11
144	Parthians	Acts 2:9	FAIL	newtestament	acts	2	9	None
145	Perizzites	Genesis 13:7	OK	tanakh	genesis	13	7	/israelite-research/tanakh/chapter.html?book=genesis&ch=13#v7
145	Perizzites	Joshua 11:3	OK	tanakh	joshua	11	3	/israelite-research/tanakh/chapter.html?book=joshua&ch=11#v3
146	Persians	Ezra 1:1–3	OK	tanakh	ezra	1	1	/israelite-research/tanakh/chapter.html?book=ezra&ch=1#v1
146	Persians	Daniel 6:28	OK	tanakh	daniel	6	28	/israelite-research/tanakh/chapter.html?book=daniel&ch=6#v28
147	Philistines	Judges 13:1	OK	tanakh	judges	13	1	/israelite-research/tanakh/chapter.html?book=judges&ch=13#v1
147	Philistines	1 Samuel 17:4	OK	tanakh	1-samuel	17	4	/israelite-research/tanakh/chapter.html?book=1-samuel&ch=17#v4
148	Phoenicians	1 Kings 5:1	OK	tanakh	1-kings	5	1	/israelite-research/tanakh/chapter.html?book=1-kings&ch=5#v1
148	Phoenicians	Mark 7:24	FAIL	newtestament	mark	7	24	None
149	Pigment	Genesis 2:7	OK	tanakh	genesis	2	7	/israelite-research/tanakh/chapter.html?book=genesis&ch=2#v7
150	Post Hoc (False Cause)	Luke 13:1–5	OK	new-testament	luke	13	1	/israelite-research/new-testament/chapter.html?book=luke&ch=13#v1
150	Post Hoc (False Cause)	Proverbs 14:15	OK	tanakh	proverbs	14	15	/israelite-research/tanakh/chapter.html?book=proverbs&ch=14#v15
151	Racism	Acts 17:26	OK	new-testament	acts	17	26	/israelite-research/new-testament/chapter.html?book=acts&ch=17#v26
151	Racism	James 2:9	OK	new-testament	james	2	9	/israelite-research/new-testament/chapter.html?book=james&ch=2#v9
152	Rain / Dew	Deuteronomy 11:14	OK	tanakh	deuteronomy	11	14	/israelite-research/tanakh/chapter.html?book=deuteronomy&ch=11#v14
152	Rain / Dew	Deuteronomy 32:2	OK	tanakh	deuteronomy	32	2	/israelite-research/tanakh/chapter.html?book=deuteronomy&ch=32#v2
152	Rain / Dew	Job 36:27–28	OK	tanakh	job	36	27	/israelite-research/tanakh/chapter.html?book=job&ch=36#v27
152	Rain / Dew	Zechariah 10:1	OK	tanakh	zechariah	10	1	/israelite-research/tanakh/chapter.html?book=zechariah&ch=10#v1
153	Rainbow (Covenant Sign)	Genesis 9:13–17	OK	tanakh	genesis	9	13	/israelite-research/tanakh/chapter.html?book=genesis&ch=9#v13
153	Rainbow (Covenant Sign)	Ezekiel 1:28	OK	tanakh	ezekiel	1	28	/israelite-research/tanakh/chapter.html?book=ezekiel&ch=1#v28
153	Rainbow (Covenant Sign)	Revelation 4:3	FAIL	newtestament	revelation	4	3	None
153	Rainbow (Covenant Sign)	Revelation 10:1	FAIL	newtestament	revelation	10	1	None
154	Ram	Genesis 22:13	OK	tanakh	genesis	22	13	/israelite-research/tanakh/chapter.html?book=genesis&ch=22#v13
155	Ram (Daniel’s Vision)	Daniel 8:3–4	OK	tanakh	daniel	8	3	/israelite-research/tanakh/chapter.html?book=daniel&ch=8#v3
156	Reasoning	Isaiah 1:18	OK	tanakh	isaiah	1	18	/israelite-research/tanakh/chapter.html?book=isaiah&ch=1#v18
156	Reasoning	1 Thessalonians 5:21	OK	new-testament	1-thessalonians	5	21	/israelite-research/new-testament/chapter.html?book=1-thessalonians&ch=5#v21
156	Reasoning	Proverbs 3:21	OK	tanakh	proverbs	3	21	/israelite-research/tanakh/chapter.html?book=proverbs&ch=3#v21
157	Red Dragon	Revelation 12:3	FAIL	newtestament	revelation	12	3	None
157	Red Dragon	Revelation 12:9	FAIL	newtestament	revelation	12	9	None
157	Red Dragon	Revelation 13:1	FAIL	newtestament	revelation	13	1	None
157	Red Dragon	Revelation 17:9–12	FAIL	newtestament	revelation	17	9	None
157	Red Dragon	Genesis 25:25	OK	tanakh	genesis	25	25	/israelite-research/tanakh/chapter.html?book=genesis&ch=25#v25
157	Red Dragon	Isaiah 63:1–4	OK	tanakh	isaiah	63	1	/israelite-research/tanakh/chapter.html?book=isaiah&ch=63#v1
158	Red Herring	Proverbs 4:25–27	OK	tanakh	proverbs	4	25	/israelite-research/tanakh/chapter.html?book=proverbs&ch=4#v25
158	Red Herring	1 Timothy 1:4	OK	new-testament	1-timothy	1	4	/israelite-research/new-testament/chapter.html?book=1-timothy&ch=1#v4
159	Redemption	Exodus 6:6	OK	tanakh	exodus	6	6	/israelite-research/tanakh/chapter.html?book=exodus&ch=6#v6
159	Redemption	Luke 1:68	OK	new-testament	luke	1	68	/israelite-research/new-testament/chapter.html?book=luke&ch=1#v68
160	Romans	Luke 2:1	FAIL	newtestament	luke	2	1	None
160	Romans	John 11:48	FAIL	newtestament	john	11	48	None
161	Rome (Edom in later tradition)	Daniel 7:7	OK	tanakh	daniel	7	7	/israelite-research/tanakh/chapter.html?book=daniel&ch=7#v7
161	Rome (Edom in later tradition)	Luke 2:1	FAIL	newtestament	luke	2	1	None
162	Rome (Edomite Power)	Daniel 2:40	OK	tanakh	daniel	2	40	/israelite-research/tanakh/chapter.html?book=daniel&ch=2#v40
162	Rome (Edomite Power)	Daniel 7:7	OK	tanakh	daniel	7	7	/israelite-research/tanakh/chapter.html?book=daniel&ch=7#v7
162	Rome (Edomite Power)	Obadiah 1:10	OK	tanakh	obadiah	1	10	/israelite-research/tanakh/chapter.html?book=obadiah&ch=1#v10
162	Rome (Edomite Power)	Luke 1:5	OK	new-testament	luke	1	5	/israelite-research/new-testament/chapter.html?book=luke&ch=1#v5
162	Rome (Edomite Power)	Revelation 13:1	FAIL	newtestament	revelation	13	1	None
163	Ruddy	1 Samuel 16:12	OK	tanakh	1-samuel	16	12	/israelite-research/tanakh/chapter.html?book=1-samuel&ch=16#v12
163	Ruddy	1 Samuel 17:42	OK	tanakh	1-samuel	17	42	/israelite-research/tanakh/chapter.html?book=1-samuel&ch=17#v42
163	Ruddy	Song of Songs 5:10	OK	tanakh	song-of-songs	5	10	/israelite-research/tanakh/chapter.html?book=song-of-songs&ch=5#v10
164	Ruddy	1 Samuel 16:12	OK	tanakh	1-samuel	16	12	/israelite-research/tanakh/chapter.html?book=1-samuel&ch=16#v12
164	Ruddy	Song of Solomon 5:10	OK	tanakh	song-of-solomon	5	10	/israelite-research/tanakh/chapter.html?book=song-of-solomon&ch=5#v10
165	Samaria	1 Kings 16:24	OK	tanakh	1-kings	16	24	/israelite-research/tanakh/chapter.html?book=1-kings&ch=16#v24
165	Samaria	John 4:9	FAIL	newtestament	john	4	9	None
166	Samaritans	2 Kings 17:24	OK	tanakh	2-kings	17	24	/israelite-research/tanakh/chapter.html?book=2-kings&ch=17#v24
166	Samaritans	John 4:9	FAIL	newtestament	john	4	9	None
167	Scarlet Beast	Revelation 17:3–6	FAIL	newtestament	revelation	17	3	None
167	Scarlet Beast	Revelation 17:9–13	FAIL	newtestament	revelation	17	9	None
167	Scarlet Beast	Revelation 18:3	FAIL	newtestament	revelation	18	3	None
168	Seasons & Appointed Times (Moedim)	Genesis 1:14	OK	tanakh	genesis	1	14	/israelite-research/tanakh/chapter.html?book=genesis&ch=1#v14
168	Seasons & Appointed Times (Moedim)	Leviticus 23:2–4	OK	tanakh	leviticus	23	2	/israelite-research/tanakh/chapter.html?book=leviticus&ch=23#v2
168	Seasons & Appointed Times (Moedim)	Psalm 104:19	OK	tanakh	psalms	104	19	/israelite-research/tanakh/chapter.html?book=psalms&ch=104#v19
168	Seasons & Appointed Times (Moedim)	Colossians 2:16–17	OK	new-testament	colossians	2	16	/israelite-research/new-testament/chapter.html?book=colossians&ch=2#v16
169	Seraphim	Isaiah 6:1–7	OK	tanakh	isaiah	6	1	/israelite-research/tanakh/chapter.html?book=isaiah&ch=6#v1
170	Serpent	Genesis 3:1	OK	tanakh	genesis	3	1	/israelite-research/tanakh/chapter.html?book=genesis&ch=3#v1
170	Serpent	Numbers 21:8–9	OK	tanakh	numbers	21	8	/israelite-research/tanakh/chapter.html?book=numbers&ch=21#v8
171	Serpent (Symbolic)	Genesis 3:1–15	OK	tanakh	genesis	3	1	/israelite-research/tanakh/chapter.html?book=genesis&ch=3#v1
171	Serpent (Symbolic)	Numbers 21:6–9	OK	tanakh	numbers	21	6	/israelite-research/tanakh/chapter.html?book=numbers&ch=21#v6
171	Serpent (Symbolic)	John 8:44	FAIL	newtestament	john	8	44	None
171	Serpent (Symbolic)	Revelation 12:9	FAIL	newtestament	revelation	12	9	None
172	Servitude / Indentured Servitude	Leviticus 25:39–41	OK	tanakh	leviticus	25	39	/israelite-research/tanakh/chapter.html?book=leviticus&ch=25#v39
173	Seth	Genesis 4:25–26	OK	tanakh	genesis	4	25	/israelite-research/tanakh/chapter.html?book=genesis&ch=4#v25
173	Seth	Genesis 5:3–8	OK	tanakh	genesis	5	3	/israelite-research/tanakh/chapter.html?book=genesis&ch=5#v3
174	Shekel Weight	Genesis 23:16	OK	tanakh	genesis	23	16	/israelite-research/tanakh/chapter.html?book=genesis&ch=23#v16
174	Shekel Weight	Leviticus 27:25	OK	tanakh	leviticus	27	25	/israelite-research/tanakh/chapter.html?book=leviticus&ch=27#v25
175	Shemites / Semites	Genesis 10:21	OK	tanakh	genesis	10	21	/israelite-research/tanakh/chapter.html?book=genesis&ch=10#v21
175	Shemites / Semites	Genesis 11:10	OK	tanakh	genesis	11	10	/israelite-research/tanakh/chapter.html?book=genesis&ch=11#v10
176	Signet Ring	Genesis 41:42	OK	tanakh	genesis	41	42	/israelite-research/tanakh/chapter.html?book=genesis&ch=41#v42
176	Signet Ring	Esther 8:8	OK	tanakh	esther	8	8	/israelite-research/tanakh/chapter.html?book=esther&ch=8#v8
177	Signs in the Heavens	Genesis 1:14	OK	tanakh	genesis	1	14	/israelite-research/tanakh/chapter.html?book=genesis&ch=1#v14
177	Signs in the Heavens	Joel 2:30–31	OK	tanakh	joel	2	30	/israelite-research/tanakh/chapter.html?book=joel&ch=2#v30
177	Signs in the Heavens	Luke 21:25–27	OK	new-testament	luke	21	25	/israelite-research/new-testament/chapter.html?book=luke&ch=21#v25
177	Signs in the Heavens	Revelation 6:12–13	FAIL	newtestament	revelation	6	12	None
178	Slavery	Exodus 21:2–16	OK	tanakh	exodus	21	2	/israelite-research/tanakh/chapter.html?book=exodus&ch=21#v2
178	Slavery	Deuteronomy 15:12–18	OK	tanakh	deuteronomy	15	12	/israelite-research/tanakh/chapter.html?book=deuteronomy&ch=15#v12
179	Slippery Slope	Proverbs 19:2	OK	tanakh	proverbs	19	2	/israelite-research/tanakh/chapter.html?book=proverbs&ch=19#v2
179	Slippery Slope	Ecclesiastes 7:25	OK	tanakh	ecclesiastes	7	25	/israelite-research/tanakh/chapter.html?book=ecclesiastes&ch=7#v25
180	Stars	Genesis 1:16	OK	tanakh	genesis	1	16	/israelite-research/tanakh/chapter.html?book=genesis&ch=1#v16
180	Stars	Genesis 15:5	OK	tanakh	genesis	15	5	/israelite-research/tanakh/chapter.html?book=genesis&ch=15#v5
180	Stars	Job 38:7	OK	tanakh	job	38	7	/israelite-research/tanakh/chapter.html?book=job&ch=38#v7
180	Stars	Revelation 6:13	FAIL	newtestament	revelation	6	13	None
180	Stars	Revelation 12:4	FAIL	newtestament	revelation	12	4	None
181	Stela	Joshua 24:26	OK	tanakh	joshua	24	26	/israelite-research/tanakh/chapter.html?book=joshua&ch=24#v26
181	Stela	1 Samuel 7:12	OK	tanakh	1-samuel	7	12	/israelite-research/tanakh/chapter.html?book=1-samuel&ch=7#v12
182	Straw Man	Proverbs 18:13	OK	tanakh	proverbs	18	13	/israelite-research/tanakh/chapter.html?book=proverbs&ch=18#v13
182	Straw Man	Acts 25:7–8	OK	new-testament	acts	25	7	/israelite-research/new-testament/chapter.html?book=acts&ch=25#v7
183	Sudanese (Kushite Nubians)	2 Chronicles 14:9	OK	tanakh	2-chronicles	14	9	/israelite-research/tanakh/chapter.html?book=2-chronicles&ch=14#v9
183	Sudanese (Kushite Nubians)	Isaiah 18:1	OK	tanakh	isaiah	18	1	/israelite-research/tanakh/chapter.html?book=isaiah&ch=18#v1
184	Sun	Genesis 1:16–18	OK	tanakh	genesis	1	16	/israelite-research/tanakh/chapter.html?book=genesis&ch=1#v16
184	Sun	Psalm 19:4–6	OK	tanakh	psalms	19	4	/israelite-research/tanakh/chapter.html?book=psalms&ch=19#v4
184	Sun	Ecclesiastes 1:5	OK	tanakh	ecclesiastes	1	5	/israelite-research/tanakh/chapter.html?book=ecclesiastes&ch=1#v5
184	Sun	Malachi 4:2	OK	tanakh	malachi	4	2	/israelite-research/tanakh/chapter.html?book=malachi&ch=4#v2
185	Teman (Edom)	Amos 1:11–12	OK	tanakh	amos	1	11	/israelite-research/tanakh/chapter.html?book=amos&ch=1#v11
185	Teman (Edom)	Obadiah 1:8–9	OK	tanakh	obadiah	1	8	/israelite-research/tanakh/chapter.html?book=obadiah&ch=1#v8
186	Thunder & Lightning	Exodus 19:16	OK	tanakh	exodus	19	16	/israelite-research/tanakh/chapter.html?book=exodus&ch=19#v16
186	Thunder & Lightning	Job 37:2–5	OK	tanakh	job	37	2	/israelite-research/tanakh/chapter.html?book=job&ch=37#v2
186	Thunder & Lightning	Psalm 29:3–4	OK	tanakh	psalms	29	3	/israelite-research/tanakh/chapter.html?book=psalms&ch=29#v3
186	Thunder & Lightning	Revelation 4:5	FAIL	newtestament	revelation	4	5	None
188	Unclean Animals	Leviticus 11:9–31	OK	tanakh	leviticus	11	9	/israelite-research/tanakh/chapter.html?book=leviticus&ch=11#v9
188	Unclean Animals	Deuteronomy 14:9–20	OK	tanakh	deuteronomy	14	9	/israelite-research/tanakh/chapter.html?book=deuteronomy&ch=14#v9
189	Urim and Thummim	Exodus 28:30	OK	tanakh	exodus	28	30	/israelite-research/tanakh/chapter.html?book=exodus&ch=28#v30
189	Urim and Thummim	Numbers 27:21	OK	tanakh	numbers	27	21	/israelite-research/tanakh/chapter.html?book=numbers&ch=27#v21
190	Waters Above & Waters Below	Genesis 1:6–7	OK	tanakh	genesis	1	6	/israelite-research/tanakh/chapter.html?book=genesis&ch=1#v6
190	Waters Above & Waters Below	Psalm 148:4	OK	tanakh	psalms	148	4	/israelite-research/tanakh/chapter.html?book=psalms&ch=148#v4
190	Waters Above & Waters Below	Proverbs 8:28	OK	tanakh	proverbs	8	28	/israelite-research/tanakh/chapter.html?book=proverbs&ch=8#v28
190	Waters Above & Waters Below	2 Peter 3:5	OK	new-testament	2-peter	3	5	/israelite-research/new-testament/chapter.html?book=2-peter&ch=3#v5
191	Wind / Spirit (Ruach)	Genesis 1:2	OK	tanakh	genesis	1	2	/israelite-research/tanakh/chapter.html?book=genesis&ch=1#v2
191	Wind / Spirit (Ruach)	Ezekiel 37:9–10	OK	tanakh	ezekiel	37	9	/israelite-research/tanakh/chapter.html?book=ezekiel&ch=37#v9
191	Wind / Spirit (Ruach)	John 3:8	FAIL	newtestament	john	3	8	None
191	Wind / Spirit (Ruach)	Acts 2:2–4	OK	new-testament	acts	2	2	/israelite-research/new-testament/chapter.html?book=acts&ch=2#v2
